Date,Text,Likes,Retweets,Replies,Views,Has Image,Has Video,Is Retweet,Is Reply,Hashtags,URL
7h,"Give AI agents access to money.   Manage finances, find yield opportunities. MCP servers for your AI agents to interact with decentralized finance protocols. x402. A2A. SperaxOS.   http:// chat.sperax.io/beta",80,16,14,8300,true,false,false,false,"",https://x.com/nichxbt/status/2027140474147082543
30m,"Generate custom Solana vanity addresses - entirely in your browser.  pump-fun-sdk   → Pick a prefix/suffix (e.g. `pump...`) → Multi-threaded workers mine your address → Private keys never leave your machine → Blur-protected secret key display → One-click keypair JSON",16,3,5,1000,true,true,false,false,"",https://x.com/nichxbt/status/2027244165738930609
25m,"not sure why the agents prefer the terminal look maybe because haha terminal... pumpfun... haha  This tool is provided as-is for educational and development purposes only. It is not financial advice. Use at your own risk. Always disconnect from the internet before generating or",4,1,1,216,true,true,false,false,"",https://x.com/nichxbt/status/2027245458717057406
1h,"Real-time PumpFun token tracking — built with raw WebSockets on Solana using pump-fun-sdk    Token Launch Monitor - every new createV2 the instant it hits the chain  Live Trades Dashboard - buys, sells, whale alerts, volume charts, all streaming  Powered by our own relay",30,2,6,2200,true,true,false,false,"",https://x.com/nichxbt/status/2027224007486194094
4h,"I want an invite code    https:// chat.sperax.io/beta?ref=Damael",12,2,2,1000,true,false,false,false,"",https://x.com/damael/status/2027188795146133603
3h,"soon  have something really exciting planned for this.  stay tuned! thanks for the support ",9,0,3,276,false,false,false,false,"",https://x.com/nichxbt/status/2027194598070886625
3h,"$pump-sdk",2,0,1,118,false,false,false,false,"",https://x.com/joaopedrojpjp0/status/2027194183971201374
3h,"correct",5,0,1,124,false,false,false,false,"",https://x.com/nichxbt/status/2027194294952710321
4h,"Beta sign ups live now. Refer friends to climb the leaderboard. Stack points for...   SperaxOS.",38,15,7,2300,true,true,true,false,"",https://x.com/SperaxUSD/status/2027180091646857682
4h,"crypto tools are so fun to build   give your agents access to money and watch what they can do!",19,4,5,1200,false,false,true,false,"",https://x.com/nichxbt/status/2027179477420409237
7h,"study small active accounts pushing a token",339,27,201,17000,false,false,false,false,"",https://x.com/nichxbt/status/2027136267750908006
4h,"Cryptomaxxing I see?",3,0,1,316,false,false,false,false,"",https://x.com/ZimshadyLive/status/2027179201497805178
5h,"@SperaxUSD  is literally crazy lol",6,1,1,731,false,false,true,false,"",https://x.com/MageArez/status/2027161353236939037
4h,"Pump SDK Core — Instruction Building & On-Chain Interaction for Pump Protocol on  @openclaw  ClawHub  Build, extend, and maintain the core pump-fun-SDK -  an offline-first TypeScript SDK that constructs Solana TransactionInstructions for token creation, buying, selling,",31,5,4,2400,true,false,false,false,"",https://x.com/nichxbt/status/2027177463567224969
4h,"The skill's declared requirements and runtime instructions are coherent with its stated purpose (a Solana-focused TypeScript SDK); it only asks for a Solana RPC URL and contains no install steps or other unexpected privileges.   Purpose & Capability The skill describes an SDK",10,1,0,645,false,false,false,false,"",https://x.com/nichxbt/status/2027177559071641770
5h,"pump-fun-sdk is now listed on  @AnthropicAI 's official MCP Registry – the canonical directory for AI-to-tool integrations used by Claude, ChatGPT, Cursor & more.   Full Sperax MCP Server  Complete documentation  Agent monetization  Onboarding the next billion developers and",78,15,8,9400,true,false,false,false,"",https://x.com/nichxbt/status/2027173839826976778
5h,"TypeScript/Rust SDK for the Pump protocol on Solana — offline instruction builders, bonding curve math, fee sharing, token incentives, and MCP server  pump-fun-sdk   https:// registry.modelcontextprotocol.io/?q=pump-fun",14,0,0,656,false,false,false,false,"",https://x.com/nichxbt/status/2027174372482711656
5h,"Nichhhhhhh youre going to reverse engineer all of crypto w opus",0,0,1,330,false,false,false,false,"",https://x.com/MrGeld/status/2027168354713170297
5h,"the agents are cooking check the repo its nuts",3,0,1,353,false,false,false,false,"",https://x.com/nichxbt/status/2027168637900251483
5h,"@SperaxUSD  is the life project of crazy goated dev  @nichxbt  ($PUMP-SDK)  $SperaxOS is INSANELY huge and can potentially do multi millions  Pump-sdk is a small side thing that will now be integrated into  @SperaxUSD    5jAq3rrgiz1a3i3tCDyqmSNCUrjaSocn7T1HKu4Kpump",12,5,8,1800,false,false,false,false,"",https://x.com/MageArez/status/2027164133636948101
5h,"How much do you own though that’s the question",4,0,1,454,false,false,false,false,"",https://x.com/will_morgfree/status/2027165034011390265
5h,"not enough will scoop dips",11,5,7,2200,false,false,false,false,"",https://x.com/nichxbt/status/2027166778695221600
6h,"bro is about to find out copyright license rules",13,3,1,1400,false,false,false,false,"",https://x.com/0xstrawberrylad/status/2027160717162680440
6h,"bullish",10,0,4,438,false,false,false,false,"",https://x.com/nichxbt/status/2027161244344684743
6h,"pump-fun-sdk: The Reverse-Engineered Pumpfun Bonding Curve SDK Powering the Next Generation of Solana AI Agents on  @CoinMarketCap",26,11,3,3000,false,false,true,false,"",https://x.com/nichxbt/status/2027157045749993539
6h,"add me too, just fed my openclaw your repo, he s building already!  @solomis  on git",6,1,0,581,false,false,true,false,"",https://x.com/bitcorom/status/2027156808108851297
7h,"i am looking for projects to collaborate with  it's quite simple to integrate existing projects within SperaxOS using the pump-fun-sdk  give your agent the repo link to pump-fun-sdk (i will create skills right now) and ask to build a plugin using standard OpenClaw / Claude format",36,3,8,2000,false,false,false,false,"",https://x.com/nichxbt/status/2027145670596202721
6h,"@XScan_  let's, the tool for the treenchs.  To track wallets on Telegram or Discord bots, real-time alerts on the Telegram call channel, plus analytics, call history, fee tracker and calls in your dm with bot.  A mind-map of the tool.",0,0,1,139,true,false,false,false,"",https://x.com/leofaveroo/status/2027154138530725937
6h,"what's your github @ ? ill add you as contributor if you want to collab",3,0,2,114,false,false,false,false,"",https://x.com/nichxbt/status/2027154411370484209
6h,"added solana wallet vanity address generator  generate a nice vanity address for your agents    https:// github.com/nirholas/pump- fun-sdk …",25,4,6,1900,true,false,true,false,"",https://x.com/nichxbt/status/2027153748393603086
6h,"Want to run AI agents 24/7?  Every time Copilot, Claude, or Cursor within Github Codespaces runs a command, it leaves an invisible terminal open. After even just 1 command, the agent thinks the terminal is broken and stops working entirely.  Works with Copilot, Claude, Gemini,",18,0,6,1700,true,true,false,false,"",https://x.com/nichxbt/status/2027149953131491722
6h,"With the pump-sdk you can build crypto tools, monitor memecoin launches, claims, or snipe tokens  We should be saving time with AI to do more things we love.  Try it out.  https:// github.com/nirholas/pump- fun-sdk …",19,3,6,1700,false,false,false,false,"",https://x.com/nichxbt/status/2027150323291504698
6h,"pump-sdk the official  @Pumpfun  source code reverse engineered   and they launched a coin... on pumpfun  we have agents running the pump-sdk (pump-fun-sdk) to consistently improve",31,11,7,2600,false,false,true,false,"",https://x.com/nichxbt/status/2027148236658749578
6h,"im here building my openclaw now, lets collab",1,0,1,153,false,false,false,false,"",https://x.com/bitcorom/status/2027147079588487676
6h,"let's show them how to build in public with the pump-fun-sdk   do you have a repo otherwise i can add you as contributor to the pump-fun-sdk",2,0,3,149,false,false,false,false,"",https://x.com/nichxbt/status/2027147652312547477
6h,"We have another cock guys like last years   We will do more this year",7,2,1,812,false,false,false,false,"",https://x.com/obama_nastty/status/2027146593170759695
6h,"no pump-fun-sdk is the one  we don't do pvp here",0,0,2,93,false,false,false,false,"",https://x.com/nichxbt/status/2027146918758064148
8h,"claim",21,1,10,2100,false,false,false,false,"",https://x.com/nichxbt/status/2027126541520617662
6h,"I am here to make you content everyday",1,0,1,46,false,false,false,false,"",https://x.com/obama_nastty/status/2027146260675760554
6h,"you still owe me $100 so please use my credit for a new video on the pump-fun-sdk",1,0,1,58,false,false,false,false,"",https://x.com/nichxbt/status/2027146708568945134
6h,"seriously even if you launched for fun and have no motion. post below, share your idea. let's build",14,1,3,781,false,false,false,false,"",https://x.com/nichxbt/status/2027146220544970886
7h,"with the pump-fun-sdk you can definitely claim and forward fees to your agent  can you imagine the implications",23,3,4,1700,false,false,false,false,"",https://x.com/nichxbt/status/2027143075194355834
7h,"wat u doing w fees",0,0,1,95,false,false,false,false,"",https://x.com/_thebiq/status/2027143813651910995
7h,"buying a domain, paying for hosting, running the project  its the pump-fun-sdk we have a lot to work on",4,0,1,106,false,false,false,false,"",https://x.com/nichxbt/status/2027144502721548523
7h,"exactly  my agents already on it TTS is so nice    http:// chat.sperax.io/beta?ref=nich  you can legit just speak to your agents (agent teams in SperaxOS with coordinators)   speak with your voice and your agents will work on it while you have fun on X or make a burger or stare at the wall",20,2,5,2000,false,false,false,false,"",https://x.com/nichxbt/status/2027144043210396152
7h,"use swarms api much easier",3,1,2,981,false,false,false,false,"",https://x.com/KyeGomezB/status/2027141989129392437
7h,"me you and shaw   let's lead by example. it's time",2,0,1,75,false,false,false,false,"",https://x.com/nichxbt/status/2027143463121334719
7h,"Give the bot the access to the fees eheh  Can be funny",15,3,1,3900,false,false,true,false,"",https://x.com/mil_max19342/status/2027142558606852179
7h,"omg... this is why we do this  i have yet to see anyone do this  you are genius",20,3,3,1500,false,false,false,false,"",https://x.com/nichxbt/status/2027142723246121171
7h,"how about we do things differently than all these other projects  let's collaborate and build",5,0,2,507,false,false,false,false,"",https://x.com/nichxbt/status/2027142486595109018
7h,"post ca sir and lets go:  F4ZHCzizwpop2XS8auuAGQ7LZcUTEwQ22m5sRmB2pump",5,1,1,290,false,false,false,false,"",https://x.com/bitcorom/status/2027141474798686569
7h,"if you sign up for SperaxOS where pump-fun-sdk will be integrated then i will   i could just rock it in the bio too it looks so nice",12,1,6,255,false,false,false,false,"",https://x.com/nichxbt/status/2027141664456982857
7h,"WE WILL INTEGRATE PUMP-SDK",33,2,3,1700,false,false,false,false,"",https://x.com/nichxbt/status/2027140637305512347
7h,"it took me what felt like an hour to figure out how to claim for pump-sdk   what if you could just tell the chat to claim  it's that simple  pump-sdk MCP for natural language -> ai agent understanding",27,4,5,2000,false,false,false,false,"",https://x.com/nichxbt/status/2027140927450755376
7h,"second prompt to 1b person",2,0,1,204,true,true,false,false,"",https://x.com/intr3pico/status/2027139080643887360
7h,"allow me to cook check this out one sec",9,0,3,182,false,false,false,false,"",https://x.com/nichxbt/status/2027139178253914576
8h,"i am on the front page of pumpfun",51,3,17,2500,true,false,false,false,"",https://x.com/nichxbt/status/2027127396181365176
7h,"Oi looks like you made it……  I bet on yes ",8,0,1,91,true,false,false,false,"",https://x.com/JookCrypto/status/2027138617785594217
7h,"i aint finna go back to jail",5,0,1,86,false,false,false,false,"",https://x.com/nichxbt/status/2027138909042597960
7h,"wait you have me thinking   i have a telegram claim bot i was working on this morning  we will release it  it will get 100000 stars like openclaw  i will tell people to get into crypto (opposite of peter)  we win",21,5,3,1400,false,false,true,false,"",https://x.com/nichxbt/status/2027138682613047343
7h,"ngl there could be real fun use cases for this... but half the people here rn dont even know what a SDK is",3,0,1,683,false,false,false,false,"",https://x.com/intr3pico/status/2027138347060113520
7h,"75 days left",7200,494,689,411000,true,false,false,false,"",https://x.com/nikitabier/status/2027136408624980400
7h,"hey",3,0,0,226,false,false,false,false,"",https://x.com/nichxbt/status/2027137129789509838
8h,"are token locks still a thing like ive been building   lets run this properly   for the trenches. we need it",56,7,10,3200,false,false,true,false,"",https://x.com/nichxbt/status/2027126131250643230
7h,"Will you be on the front page of  @blastmarket_  ?",5,0,1,120,false,false,false,false,"",https://x.com/JookCrypto/status/2027136537901572243
7h,"sure",6,0,1,120,false,false,false,false,"",https://x.com/nichxbt/status/2027136658672664746
7h,"you little shits better listen here   aint no one telling me what to do. ill do this how i want",52,5,21,2200,false,false,false,false,"",https://x.com/nichxbt/status/2027135662533869901
7h,"What if I say please and thank you",2,0,1,246,false,false,false,false,"",https://x.com/perturpis/status/2027136073965662610
7h,"thank you. let's build a community",13,1,2,224,false,false,false,false,"",https://x.com/nichxbt/status/2027136187828421058
7h,"I trust you bro",2,0,1,262,false,false,false,false,"",https://x.com/infin1taire/status/2027135752249995320
7h,"thanks",4,0,1,242,false,false,false,false,"",https://x.com/nichxbt/status/2027135937726312584
7h,"pump-sdk is actually so crazy if you think about it",26,1,1,1200,false,false,false,false,"",https://x.com/nichxbt/status/2027134539731227080
7h,"would u do some buy backs ?",0,0,1,94,false,false,false,false,"",https://x.com/perverthby/status/2027135346136232316
7h,"would you?",0,0,2,120,false,false,false,false,"",https://x.com/nichxbt/status/2027135442936889776
7h,"this is crazy but like how high is $PUMP again",18,0,6,1400,false,false,false,false,"",https://x.com/nichxbt/status/2027133712476025015
7h,"Heres your candle video",8,1,5,983,true,true,true,false,"",https://x.com/perturpis/status/2027133189412499473
7h,"aight i downloaded the app",18,2,7,1600,false,false,false,false,"",https://x.com/nichxbt/status/2027132224794157544
7h,"welcome",6,0,2,260,false,false,false,false,"",https://x.com/kayisagijr/status/2027132838043124055
7h,"i claimed",12,0,2,263,false,false,false,false,"",https://x.com/nichxbt/status/2027132997879914956
8h,"",58,2,18,5200,true,false,false,false,"",https://x.com/nichxbt/status/2027130459285782618
8h,"someone record this candle",28,0,9,1700,false,false,false,false,"",https://x.com/nichxbt/status/2027129573100634365
8h,"I don’t understand the hesitation of grabbing free money   Am I missing something?",2,0,1,376,false,false,false,false,"",https://x.com/fakespaceeeeee/status/2027129072573178251
8h,"i want a dev buy back candle larger than gake candle   nich candle now",9,0,1,348,false,false,false,false,"",https://x.com/nichxbt/status/2027129253524017449
8h,"@Ga__ke  nihao fine shyt",6,0,5,349,false,false,false,false,"",https://x.com/nichxbt/status/2027128149415497919
8h,"you has almost 4k$ claim it and buy it back",2,0,2,171,true,false,false,false,"",https://x.com/JVlogs1141906/status/2027128995104575797
8h,"is 100% buy back standard",5,0,2,131,false,false,false,false,"",https://x.com/nichxbt/status/2027129131935375390
8h,"easy bet",3,0,0,109,false,false,false,false,"",https://x.com/nichxbt/status/2027129075953991774
8h,"bro gonna milk this before claiming lol",1,0,2,177,false,false,false,false,"",https://x.com/dink_n_flicka/status/2027128542136275329
8h,"no legit if someone sends me a link i will",2,0,3,191,false,false,false,false,"",https://x.com/nichxbt/status/2027128802929996186
8h,"@a1lon9   @Pumpfun  i have a cook",22,4,5,2700,false,false,false,false,"",https://x.com/nichxbt/status/2027128544644743496
8h,"Is this eligible for hackathon",17,2,2,2700,false,false,true,false,"",https://x.com/lord_high_vol/status/2027128338054296056
8h,"wait",12,0,3,469,false,false,false,false,"",https://x.com/nichxbt/status/2027128448104407193
8h,"yo could u claim",1,0,1,124,false,false,false,false,"",https://x.com/Hiruzenaio/status/2027128199642030088
8h,"im trying they dont make it very user friendly yet they can improve",3,0,1,109,false,false,false,false,"",https://x.com/nichxbt/status/2027128396522938452
8h,"will do just claim brotato",4,0,2,279,false,false,false,false,"",https://x.com/Oskaras__/status/2027127584983523696
8h,"on it",7,0,2,175,false,false,false,false,"",https://x.com/nichxbt/status/2027127905772568618
8h,"claim and ur gonna be #1 on the page",4,0,1,423,false,false,false,false,"#1",https://x.com/Oskaras__/status/2027127487218495828
8h,"screenshot it when im number 1 please",6,0,2,420,false,false,false,false,"",https://x.com/nichxbt/status/2027127543296627102
8h,"Without a doubt yess",4,0,1,421,false,false,false,false,"",https://x.com/rodeoorat/status/2027126815777816885
8h,"i pushed $GCR for a year to 13m so like can we run this back turbo",19,3,3,809,false,false,false,false,"",https://x.com/nichxbt/status/2027127035232166242